pollutant,model,RMSE,MAE,R2,Pearson_R
PM2.5,CNN-LSTM,28.994,25.396,-2.603,0.0
PM10,CNN-LSTM,59.617,51.604,-2.682,0.0020000000949949026
NO2,CNN-LSTM,28.745,22.28,-0.016,-0.035999998450279236
SO2,CNN-LSTM,0.915,0.695,-0.005,0.0
CO,CNN-LSTM,3.649,3.627,-80.866,-0.012000000104308128
O3,CNN-LSTM,2204.905,1435.053,-0.289,-0.004999999888241291
