pollutant,model,RMSE,MAE,R2,Pearson_R
PM2.5,CNN-LSTM,27.906,24.294,-2.342,0.0
PM10,CNN-LSTM,63.019,55.767,-3.088,0.0
NO2,CNN-LSTM,29.195,22.974,-0.008,0.0
SO2,CNN-LSTM,0.923,0.403,-0.145,0.007000000216066837
CO,CNN-LSTM,2.69,2.654,-36.947,0.00800000037997961
O3,CNN-LSTM,2274.708,1452.968,-0.303,-0.003000000026077032
